route_id,stop_ids
186,"{58880, 58370, 58888, 58872, 59020, 58380, 99474, 59032, 59033, 58912, 57760, 57765, 58790, 58537, 58539, 57774, 57778, 81205, 58550, 58810, 58811, 58812, 58560, 57792, 58820, 58570, 81100, 58962, 58964, 58845, 58980, 58730, 58860, 58990, 58862, 58350, 58740, 58870, 58360}"
180,"{57860, 57861, 57872, 57874, 80918, 58392, 58393, 58394, 50712, 47646, 58400, 80932, 58410, 57899, 57900, 57910, 57912, 57915, 57920, 80966, 80968, 57930, 52300, 80977, 80978, 52306, 80980, 57940, 80982, 50774, 50779, 57950, 57446, 57454, 58481, 57459, 57461, 57462, 57463, 57464, 57465, 57475, 58500, 57477, 57990, 57479, 57478, 57476, 49290, 61070, 58511, 58512, 58000, 49301, 61080, 58010, 61090, 58020, 58040, 58043, 58050, 58051, 80580, 58060, 58061, 80590, 53975, 80600, 80610, 58084, 80121, 80123, 53501, 53502, 53503, 57600, 53505, 57609, 57610, 57611, 57612, 57618, 80147, 57620, 57621, 57622, 57623, 80152, 80153, 80154, 80151, 80150, 57631, 57632, 58148, 58150, 57640, 81201, 57650, 58170, 58220, 58230, 58235, 59773, 58240, 79243, 57740, 58255, 79248, 58257, 58260, 52636, 52637, 58270, 58271, 58272, 52638, 52639, 58283, 58284, 57773, 57774, 80820, 57791, 57792, 58310, 50125, 58320, 60880, 50130, 53720, 60890, 50140, 50145, 60900, 53740, 57840}"
182,"{61441, 61442, 61443, 61444, 61446, 61447, 61448, 58514, 61462, 58391, 61463, 61464, 61466, 61467, 61465, 60573, 60567, 60575, 60576, 60569, 60578, 61342, 60580, 61340, 80433, 80451, 80455, 60620, 60566, 60632, 42585, 60634, 60636, 60637, 42351, 61335, 61336, 60534, 61338}"
187,"{61570, 83716, 83720, 61450, 61580, 83704, 61330, 61460, 61332, 61470, 83707, 61480, 83709, 61870, 83760, 80433, 61490, 83770, 61500, 61378, 80451, 61380, 83781, 61510, 83783, 83784, 83785, 83786, 83782, 83788, 83789, 61390, 80455, 61520, 61400, 61530, 60638, 60640, 61410, 61540, 61420, 61550, 61422, 61424, 61426, 83701, 61430, 83703, 61560, 83702, 83706, 61435, 83708, 61437, 83711}"
178,"{640, 260, 390, 1040, 660, 83751, 60587, 30635, 60589, 99252, 99253, 99254, 61368, 700, 99263, 99264, 99266, 80451, 80455, 99271, 80458, 80462, 340, 47970, 361, 620}"
179,"{61313, 42370, 83716, 42500, 390, 260, 83720, 61320, 42380, 42390, 42520, 42400, 675, 83760, 80432, 42420, 42550, 83770, 42560, 83781, 83782, 83783, 83784, 83785, 83786, 80458, 83788, 83789, 80462, 42577, 340, 1120, 361, 60650, 83701, 42358, 83703, 83704, 83702, 83706, 83707, 83708, 83709, 83711}"
197,"{53504, 61313, 42370, 83716, 42500, 83720, 61320, 42380, 42390, 42520, 58782, 10911, 42400, 10912, 10917, 29865, 83760, 80432, 42420, 42550, 29240, 83770, 29247, 42560, 83781, 83782, 83783, 83784, 83785, 83786, 80458, 83788, 83789, 80462, 42576, 47970, 60650, 83701, 42358, 83703, 83704, 83702, 83706, 83707, 83708, 83709, 83711}"
181,"{42370, 83716, 42500, 83720, 59272, 42380, 61330, 59282, 61332, 42390, 42520, 83706, 42400, 59171, 59173, 59174, 59175, 59176, 59177, 59178, 59260, 57773, 81199, 81200, 57775, 83760, 80433, 42420, 81205, 42550, 80455, 83770, 42560, 57792, 59200, 57795, 80451, 83781, 83782, 83783, 83784, 83785, 59210, 83786, 57804, 81100, 57806, 83789, 42576, 83664, 57810, 81106, 83663, 83788, 59220, 60638, 80862, 60640, 58340, 58342, 58344, 59240, 59120, 83701, 42358, 83703, 83704, 83702, 80890, 83707, 83708, 83709, 83711}"
143,"{52353, 99330, 260, 390, 46477, 99470, 46479, 675, 99497, 99390, 99410, 99411, 340, 99418, 99420, 99421, 99294, 99423, 99296, 99297, 1120, 99422, 99300, 99301, 99430, 99303, 99431, 99432, 46440, 361, 99437, 99310, 99325}"
177,"{640, 260, 390, 1040, 660, 83751, 30635, 99252, 99253, 99254, 700, 99263, 99264, 99266, 80451, 80455, 99271, 80458, 80462, 340, 47970, 361, 620}"
193,"{53504, 12930, 12805, 41990, 42000, 12950, 59292, 58782, 59295, 83751, 12840, 80432, 12980, 12860, 80451, 11075, 80455, 80458, 11085, 80462, 11087, 3150, 47970, 41955, 12910, 41981}"
164,"{57090, 59272, 57100, 59282, 57496, 58144, 59047, 57516, 57518, 57519, 59059, 59061, 59064, 59065, 57530, 59066, 59067, 59069, 59073, 59077, 57159, 57162, 57164, 57422, 57434, 57451, 57070, 57459}"
183,"{85890, 85892, 79247, 85914, 85916, 58781, 85918, 85921, 85924, 53540, 80431, 85942, 85944, 85947, 85948, 85949, 85950, 85954, 50755, 80454, 50759, 50760, 83657, 80458, 50761, 80462, 80464, 50770, 50781, 50783, 50787, 57188, 57187, 47974, 57453, 79215, 57459}"
671,"{60800, 61313, 61060, 61190, 60680, 60810, 61070, 61201, 61080, 60830, 61090, 61220, 60710, 60840, 61100, 61230, 80431, 50480, 60850, 48949, 61110, 61240, 61243, 60860, 61120, 52800, 60750, 60752, 60880, 61140, 61270, 60760, 60890, 60670, 61150, 60900, 60780, 60910, 61170, 60660, 60790, 60921, 61180, 61310}"
952,"{57891, 82787, 82716, 82854, 82700, 57453, 57459, 82878, 84280, 82841, 82780, 82718, 82687}"
118,"{46850, 515, 19077, 47240, 47120, 531, 15380, 46871, 47255, 1690, 19740, 46880, 15395, 548, 420, 19750, 46888, 46890, 20010, 30635, 18990, 431, 46769, 46770, 46773, 19000, 570, 19900, 47165, 19010, 46791, 20170, 19070, 590, 46800, 15230, 468, 15190, 600, 605, 20190, 15201, 15204, 19050, 619, 490, 18674, 18675, 19700, 19060, 46840, 20220, 47230}"
190,"{640, 260, 390, 1040, 660, 53540, 30635, 99252, 99253, 99254, 61240, 700, 99263, 99264, 99266, 99271, 340, 47968, 47970, 47974, 361, 620}"
192,"{260, 53510, 390, 53516, 53518, 53520, 53522, 53524, 58782, 675, 21945, 53060, 53062, 53064, 53065, 53066, 53067, 53068, 53069, 340, 1120, 47970, 361}"
168,"{62081, 57090, 62085, 62089, 57100, 62094, 62096, 62097, 62100, 62102, 62104, 62106, 99483, 62108, 62112, 58144, 62114, 62133, 60485, 62151, 57159, 60489, 60490, 60491, 57162, 62157, 57164, 57422, 62288, 62290, 62294, 62297, 57434, 62299, 62301, 99294, 62303, 62309, 62313, 62186, 57451, 62316, 62317, 62318, 62319, 62320, 62190, 62194, 57457, 62196, 57070, 62326, 62328, 62331, 62332, 62079}"
158,"{57090, 260, 53510, 390, 79243, 57100, 79248, 50712, 58779, 50717, 58781, 57119, 58144, 57121, 57117, 57118, 58782, 675, 57127, 80820, 80580, 60485, 50758, 50760, 60489, 50761, 60491, 80590, 50772, 57429, 62166, 340, 80600, 57434, 50779, 62172, 62173, 57436, 62175, 57437, 57438, 1120, 57445, 57447, 57448, 361, 62189, 57453, 57070, 57459, 59773}"
159,"{62208, 62204, 62213, 62212, 53510, 62216, 390, 260, 79243, 62220, 79248, 62098, 62099, 62100, 62102, 62230, 62104, 50712, 62106, 58779, 62108, 58781, 50717, 58782, 62112, 62114, 675, 62120, 62122, 80820, 80580, 60485, 50758, 62151, 50760, 60489, 60490, 60491, 50761, 62157, 80590, 62288, 62290, 50772, 340, 62294, 62295, 80600, 62297, 62298, 62299, 62300, 50779, 1120, 62306, 62308, 62312, 361, 62314, 62316, 57453, 62318, 62320, 57459, 62326, 62328, 62332, 59773}"
166,"{48640, 47620, 47630, 48660, 50712, 50717, 48670, 47646, 48680, 48690, 50758, 48710, 50760, 50761, 52300, 48720, 52305, 50770, 50772, 48730, 50779, 50781, 50783, 50787, 48740, 48741, 57451, 57452, 48750, 57457, 48760, 48780, 47263, 48800, 47270, 48810, 47275, 47280, 48820, 80580, 48840, 80590, 53975, 80600, 47320, 48860, 47330, 48870, 47340, 48880, 61180, 47360, 53506, 53508, 47370, 53516, 53518, 53520, 53522, 53524, 48920, 47390, 48930, 47400, 50480, 47410, 48950, 47416, 47420, 48960, 53060, 50500, 47430, 53062, 53064, 53065, 53066, 53067, 53068, 53069, 47440, 47451, 47460, 47470, 47480, 59773, 47490, 79243, 79248, 47510, 58779, 58781, 58782, 47520, 48550, 47530, 80820, 47540, 48570, 47550, 48580, 50125, 48590, 47570, 48600, 53720, 47580, 48610, 47590, 48620, 53740, 47600, 48630, 47610}"
119,"{46850, 515, 19077, 47240, 47120, 531, 15380, 46871, 1690, 46880, 15395, 548, 420, 46888, 46890, 20010, 30635, 431, 46769, 46773, 46776, 19000, 570, 19900, 47165, 46785, 19010, 46791, 20170, 19020, 590, 46800, 15230, 468, 15190, 600, 605, 20190, 15201, 46818, 46819, 15204, 46822, 19050, 619, 490, 18674, 19060, 46840, 20220, 19070}"
157,"{260, 390, 85895, 58138, 58141, 58146, 675, 57124, 57125, 85815, 85816, 58040, 85818, 58043, 85821, 85823, 85825, 58050, 85827, 58051, 85829, 85830, 85832, 85834, 58060, 58061, 85838, 85837, 85840, 85841, 85842, 85844, 340, 85846, 85847, 85848, 58077, 85854, 58079, 85856, 58081, 1120, 85857, 58084, 85858, 361, 85887}"
169,"{62208, 46465, 55938, 62212, 62213, 57350, 57220, 62216, 59400, 45320, 62220, 57230, 57360, 62230, 57240, 57370, 59934, 57375, 60320, 59938, 59944, 59945, 57130, 59946, 59948, 59949, 57390, 57140, 60340, 59828, 59830, 57400, 57150, 60350, 57280, 59841, 57410, 60359, 59842, 57159, 57160, 60361, 57162, 57290, 57164, 57420, 57422, 60362, 60363, 60364, 60367, 60366, 57300, 59860, 57180, 57310, 59870, 57185, 57190, 57320, 46440, 59370, 57452, 57340, 57200, 57457, 57330, 59891, 59380, 46450, 57210, 62204, 59902}"
121,"{48640, 47620, 47630, 48660, 48670, 47646, 548, 48680, 48690, 570, 85059, 48710, 85062, 85064, 85066, 85067, 52300, 85069, 52303, 48720, 52305, 48730, 48740, 48741, 48750, 47735, 48760, 48780, 47260, 48800, 47270, 48810, 47275, 47280, 47283, 48820, 47286, 47292, 47295, 47298, 47302, 48840, 47305, 47315, 53975, 47320, 48860, 47330, 48870, 47340, 48880, 47360, 260, 47370, 48920, 47390, 48930, 47400, 47410, 47420, 47430, 47440, 340, 47451, 40801, 40802, 47460, 40804, 40806, 40807, 47470, 47480, 47490, 47510, 47520, 48550, 47530, 47540, 48570, 47550, 48580, 50125, 48590, 47570, 48600, 53720, 47580, 48610, 47590, 48620, 53740, 47600, 48630, 47610}"
153,"{84352, 84353, 80642, 84354, 84356, 84357, 84358, 84359, 80769, 80772, 84362, 84363, 80780, 84365, 84366, 84367, 84368, 84369, 84370, 84364, 84372, 84371, 80790, 80663, 80665, 80666, 80667, 80668, 80669, 58144, 80650, 55929, 46466, 59841, 59842, 46468, 59902, 59904, 60370, 60373, 80767, 85851, 85853, 59358, 85855, 55939, 45285, 45305, 45288, 57453, 57459, 55942, 55928, 80761, 80762, 80763, 80764, 80765, 80766, 84351}"
150,"{58112, 640, 79234, 79235, 79236, 79237, 79238, 79239, 79240, 79241, 79242, 79243, 60420, 390, 79248, 58130, 58132, 660, 58134, 58136, 58137, 58140, 79229, 58145, 58114, 1190, 80680, 30635, 59312, 690, 80820, 59316, 80692, 99253, 59320, 99252, 99254, 80700, 11130, 99263, 99264, 1215, 59330, 99266, 80580, 99271, 59340, 80590, 1230, 80720, 340, 59350, 80600, 58074, 58075, 60380, 80730, 58085, 58086, 58087, 80742, 361, 620, 57454, 60400, 57458, 58102, 58104, 60410, 79227, 79228, 59773, 58110}"
122,"{49160, 49169, 49180, 548, 49190, 49195, 49200, 50230, 49210, 570, 50240, 85059, 85062, 85064, 50250, 85067, 85066, 85069, 49230, 52303, 52305, 50260, 50270, 49250, 50280, 50290, 49270, 47735, 49285, 50310, 50320, 47260, 48800, 50340, 47270, 49320, 47275, 50350, 47280, 49330, 50360, 50370, 50380, 50390, 50400, 50420, 260, 50450, 48920, 50461, 50462, 47390, 48930, 50466, 50468, 47400, 47410, 48974, 50001, 48978, 48980, 340, 48990, 40801, 40802, 40804, 40806, 40807, 49000, 48496, 49030, 49040, 50068, 49050, 49060, 49070, 50100, 49080, 50110, 50120, 49100, 49110, 49120, 49133, 50170, 49150}"
156,"{49160, 49169, 49180, 49190, 50250, 50260, 79960, 50270, 79970, 50280, 79980, 79983, 50290, 53380, 50310, 50320, 53400, 47260, 61090, 50340, 47270, 47275, 53420, 50350, 47280, 50360, 53946, 50370, 50380, 50390, 58109, 50450, 48920, 50461, 50462, 48930, 50466, 50468, 47403, 47404, 47406, 47407, 47413, 47415, 47417, 47419, 80189, 48974, 48978, 48980, 48990, 80240, 49011, 80250, 80260, 80270, 80280, 49050, 80290, 49060, 80300, 49070, 59312, 49080, 80320, 49100, 60880, 49110, 60890, 49120, 60902, 60903, 60904, 52710, 60906, 60908, 49133, 60909, 60911, 52720, 60914, 60915, 60916, 49150}"
102,"{640, 59520, 55938, 390, 55943, 60168, 60167, 60173, 60174, 60175, 60177, 660, 60185, 79610, 60190, 59550, 59552, 59810, 59938, 1190, 59561, 60202, 30635, 59564, 59950, 690, 99252, 99253, 59830, 99254, 59960, 60220, 59710, 99263, 59712, 59841, 59842, 59971, 59716, 99266, 60230, 59718, 59974, 59976, 59720, 99271, 59724, 11130, 1230, 60240, 59860, 340, 60250, 59870, 99264, 1215, 60260, 99300, 60137, 361, 620, 59500, 59891, 60151, 60154, 60155, 60157, 59902}"
124,"{60930, 515, 531, 60950, 60958, 548, 40999, 41000, 60970, 41010, 60980, 60983, 570, 41020, 60990, 41030, 61000, 590, 41040, 61012, 600, 61020, 605, 41060, 619, 61040, 41080, 61082, 21670, 21680, 45751, 21690, 21700, 79561, 21710, 79569, 21720, 21730, 21740, 21765, 41740, 21833, 53070, 53072, 21860, 21870, 21880, 31610, 31613, 21890, 31620, 31630, 31631, 21910, 31641, 21920, 420, 32165, 40871, 40873, 30635, 40876, 40880, 40881, 40882, 433, 32180, 40885, 32182, 21940, 40890, 40892, 40894, 32192, 40896, 40898, 40900, 46022, 32200, 46025, 32210, 468, 32215, 490, 60920, 60923}"
148,"{60161, 59650, 55938, 55939, 46466, 46468, 46477, 59662, 46479, 59666, 59669, 59673, 59675, 59552, 59810, 59938, 60070, 59560, 59950, 59570, 59830, 59960, 60090, 59580, 59841, 59842, 59971, 60100, 59590, 59974, 59976, 59724, 59600, 60120, 59610, 60001, 60130, 60002, 60004, 45285, 60006, 60008, 45288, 60140, 59630, 60014, 60016, 59760, 60018, 59640}"
676,"{58112, 58113, 58114, 80768, 46595, 55942, 45320, 49290, 46477, 46478, 46585, 49301, 80150, 80151, 47646, 58028, 55928, 59310, 59314, 59833, 54202, 54201, 54203, 54205, 54206, 54204, 52300, 52304, 50130, 52306, 59860, 53975, 53720, 50140, 59868, 59870, 59872, 59873, 50145, 59876, 59877, 79972, 46440, 59881, 59882, 53740, 46578, 59891, 46579, 58102, 55927, 58104, 80761, 55926, 60923, 58111}"
123,"{260, 52485, 53640, 53650, 52500, 53660, 52510, 548, 53670, 47654, 47735, 52522, 52530, 53690, 570, 52540, 85059, 53700, 85062, 85064, 85066, 85067, 52300, 85069, 53710, 52303, 52560, 52306, 340, 53720, 52575, 40801, 40802, 52580, 40804, 40806, 40807, 53740, 52595, 53620, 51191, 53630}"
128,"{60930, 36360, 36370, 60444, 36380, 36400, 36410, 31811, 36420, 40010, 31818, 40012, 20050, 31830, 21080, 36440, 53850, 61020, 21090, 36450, 53860, 20070, 31850, 53870, 61040, 21104, 32371, 36470, 36472, 20090, 31871, 36490, 20110, 22160, 31890, 36500, 53910, 22170, 31900, 36510, 41119, 41121, 41122, 41123, 41124, 41125, 41126, 31910, 41128, 36520, 36522, 41131, 36525, 41134, 41135, 41136, 41137, 41138, 22190, 31920, 48310, 48311, 22200, 31930, 22210, 49860, 49350, 22220, 49870, 31950, 49360, 22230, 49880, 31970, 37090, 22244, 58600, 49900, 22253, 22252, 37100, 58610, 49910, 31990, 37110, 49920, 32010, 32011, 37130, 47890, 37140, 37150, 41247, 41248, 41251, 37160, 21292, 21295, 37170, 37180, 31560, 36170, 19790, 49490, 36180, 49500, 31580, 36190, 19810, 37220, 49510, 21350, 40811, 40812, 49520, 21360, 19830, 40823, 40825, 49530, 40826, 21370, 49540, 21380, 19850, 49550, 21390, 49552, 49553, 49554, 49555, 49556, 49557, 49558, 21400, 49561, 49562, 49563, 49564, 50075, 49565, 49566, 49567, 49568, 21410, 49571, 49572, 49574, 49577, 21420, 49585, 49586, 59316, 49588, 49592, 49595, 54206, 21440, 36320, 36330, 60920, 60923}"
154,"{31620, 41222, 40844, 41229, 41230, 40847, 58110, 31630, 31631, 31641, 59291, 59292, 59295, 40865, 32165, 80680, 80692, 32180, 32182, 45751, 46010, 80700, 32192, 32200, 79561, 85066, 85067, 85064, 46030, 80720, 79569, 32210, 32215, 80730, 32225, 40801, 40805, 80742, 32232, 59881, 59882, 48245, 31610, 31613, 40830}"
132,"{30720, 515, 49670, 531, 49690, 30748, 49700, 548, 49710, 49720, 570, 49724, 49725, 49726, 49730, 49731, 49732, 49733, 49739, 49740, 52304, 52305, 49750, 49753, 49754, 49755, 49757, 49758, 49760, 49770, 619, 49775, 49780, 47740, 49810, 49820, 51870, 49840, 49860, 45770, 49356, 49358, 49870, 49362, 45780, 49880, 49370, 45790, 49380, 45800, 49900, 49390, 45810, 49910, 49400, 45820, 49920, 49410, 7430, 49930, 49420, 45840, 49940, 49430, 45850, 49950, 49960, 49450, 45870, 49970, 49460, 45880, 49980, 49470, 49480, 30538, 45900, 49490, 48470, 45910, 30550, 50010, 49500, 45920, 30560, 50020, 49510, 30570, 50030, 49520, 45940, 32120, 49530, 30590, 50050, 49540, 30600, 50060, 50061, 49550, 50063, 50064, 32140, 420, 30635, 49580, 433, 49599, 31680, 49610, 30670, 468, 49630, 30690, 490, 30700, 49660}"
131,"{30720, 515, 51728, 531, 51740, 30748, 548, 51760, 51770, 570, 51780, 51790, 52304, 52305, 51800, 619, 51820, 53870, 21104, 51830, 51834, 47740, 47750, 47760, 48280, 47770, 51870, 48290, 47780, 51877, 51879, 47790, 51890, 48310, 48311, 51900, 47809, 51910, 48330, 45770, 47820, 51920, 45780, 48346, 51930, 45790, 47840, 51940, 48360, 45800, 47850, 48370, 45810, 51960, 45820, 47872, 51970, 51972, 48390, 7430, 48398, 45840, 47890, 48410, 45850, 47900, 45870, 48430, 47920, 48440, 45880, 47931, 48451, 30538, 48460, 45900, 48470, 45910, 30550, 45920, 30560, 30570, 45940, 30590, 30600, 420, 30635, 49585, 49586, 433, 49588, 30670, 468, 30690, 490, 30700}"
120,"{39431, 22030, 52240, 21520, 52250, 22050, 21540, 548, 52271, 39983, 22070, 21560, 570, 52290, 21570, 22090, 590, 52303, 52305, 22099, 52310, 21590, 600, 21600, 22120, 21620, 22140, 22152, 22157, 22165, 22175, 22193, 22195, 51401, 51403, 22255, 22256, 22259, 51450, 21250, 51470, 51480, 21280, 21290, 51500, 52030, 51520, 52050, 51540, 51550, 52070, 52080, 36210, 51580, 52100, 51600, 52120, 51610, 51615, 420, 52140, 433, 51640, 52170, 21450, 36300, 52180, 21460, 468, 481, 21990, 52200, 21480, 31731, 31736, 22010, 52220}"
101,"{640, 55938, 55939, 46466, 46468, 390, 45320, 660, 1190, 30635, 690, 99252, 99253, 99254, 11130, 99263, 59839, 59841, 99266, 99264, 1215, 99271, 1230, 340, 45285, 45288, 46440, 361, 620, 46450, 45301, 45303, 79610}"
167,"{29440, 55938, 45191, 45320, 46476, 46478, 29455, 25752, 25243, 10911, 10912, 10917, 29865, 71348, 84280, 29240, 71355, 71356, 71359, 29247, 59842, 59860, 11352, 82780, 29405, 59870, 46440, 29420, 46450, 59891, 59902}"
111,"{56835, 54150, 56710, 56840, 54152, 648, 56845, 56720, 1040, 56850, 56855, 56730, 54810, 54045, 670, 56865, 54050, 56610, 56741, 56871, 56620, 54065, 56631, 84280, 54075, 700, 320, 54085, 56649, 375, 45010, 56660, 56790, 54870, 57560, 56792, 57562, 57563, 56795, 45020, 45021, 45022, 56800, 45145, 54880, 56670, 82780, 56805, 57574, 46565, 56680, 54760, 46570, 360, 620, 56815, 54001, 45170, 54003, 56690, 54770, 628, 54135, 56820, 56825, 56700, 56830}"
114,"{65670, 648, 65680, 1040, 360, 45080, 65432, 40093, 670, 40097, 45090, 65570, 65700, 40101, 40103, 65450, 65580, 54448, 54449, 46640, 65460, 65590, 65720, 46650, 700, 40125, 65470, 65600, 320, 53442, 53444, 46660, 53446, 65480, 65610, 46670, 46672, 46674, 65490, 53333, 53334, 53336, 53338, 65500, 65630, 82785, 65530, 65252, 82789, 65510, 82791, 82792, 82793, 82794, 82795, 82796, 82797, 82798, 65640, 65660, 65520, 620, 65652, 628, 375, 46712, 46714, 46716}"
107,"{30211, 55300, 30220, 55310, 55320, 30240, 55330, 30250, 55340, 56374, 55350, 30270, 55360, 42048, 42050, 30790, 55370, 55371, 55373, 55374, 55375, 55376, 55377, 30290, 30800, 55380, 42070, 30300, 42080, 55395, 30310, 55400, 42091, 30320, 55410, 42105, 30330, 55420, 45692, 45700, 55430, 42120, 55441, 42130, 46233, 46234, 46235, 55450, 42140, 55460, 45732, 55470, 55472, 55474, 3810, 79610, 30970, 30980, 45320, 41740, 41750, 55064, 31001, 41760, 31010, 9000, 30510, 9010, 41780, 31030, 41800, 31050, 41805, 31060, 41819, 31070, 41830, 46440, 46450, 31090, 41850, 46463, 31111, 45452, 46477, 41870, 46479, 8080, 45460, 41880, 31130, 31131, 31132, 31134, 41890, 55226, 55228, 30140, 55230, 55240, 30160, 55250, 46040, 30170, 30171, 55260, 30190, 55280, 55290}"
106,"{56320, 56330, 3600, 56340, 55831, 56350, 56360, 55851, 56370, 56372, 56373, 56374, 56376, 56440, 56450, 56460, 56470, 55960, 55980, 55472, 55474, 55991, 56000, 8401, 56021, 55000, 56031, 55010, 56041, 55020, 8429, 55030, 8440, 56061, 55040, 8450, 45320, 55050, 8460, 56081, 55060, 55062, 55064, 55066, 45340, 55068, 55583, 56099, 55589, 55590, 8485, 9000, 55593, 8494, 56111, 9010, 8510, 56130, 8530, 56151, 55130, 8540, 56161, 56162, 55651, 55140, 56165, 56164, 8550, 46440, 55661, 55150, 46450, 55160, 46464, 55681, 55170, 55180, 8590, 8080, 55190, 55702, 31132, 31134, 55711, 55200, 55210, 8620, 55729, 55220, 55735, 55226, 30140, 1471, 8641, 1480, 30160, 1490, 56275, 8660, 55771, 1500, 56290, 1510, 8681, 56300, 56310, 55802}"
342,"{16770, 76420, 16132, 89990, 45191, 82310, 76298, 82700, 46477, 76302, 76300, 82320, 16140, 82324, 76310, 82326, 82327, 82841, 82330, 82328, 82716, 70812, 82718, 70814, 76830, 82332, 82334, 82335, 70820, 75932, 70822, 82854, 76840, 76330, 85810, 75700, 82741, 84280, 82105, 82106, 82107, 82878, 79295, 82760, 76490, 77390, 77391, 77392, 75730, 82770, 82772, 84310, 82775, 82776, 82777, 82778, 82780, 85725, 82790, 82280, 80489, 80492, 82800, 16112, 45305, 82300, 76925, 82687}"
105,"{54150, 54152, 46600, 54155, 46610, 45080, 45090, 56610, 46630, 56620, 46640, 45110, 56631, 46650, 54843, 54842, 45120, 46660, 46670, 46672, 46674, 45140, 56790, 56792, 45303}"
240,"{80390, 46600, 79880, 80400, 46610, 79890, 65560, 79900, 80412, 65570, 46630, 65580, 45101, 45110, 65590, 45120, 65600, 65610, 45140, 45145, 65630, 65640, 80489, 80492, 65652, 45175, 65660, 45180, 45190, 45191, 65670, 65680, 70807, 70812, 40093, 70814, 70813, 40097, 65700, 40101, 70820, 40103, 70822, 70825, 65720, 40125, 85725, 65252, 65300, 64790, 64800, 82741, 64830, 64840, 82760, 84310, 82789, 82790, 82791, 82792, 82793, 82794, 82795, 82796, 82797, 82798, 82800, 65400, 46478, 46479, 65432, 65450, 65460, 80380, 65470, 67014, 67015, 65480, 65490, 46550, 67033, 65500, 67037, 71133, 67039, 46560, 71139, 71141, 46565, 65510, 65520, 65530, 79868}"
208,"{64512, 85386, 85388, 64399, 64401, 64403, 85781, 64405, 64408, 64409, 64540, 81692, 85791, 64416, 85796, 64548, 81704, 64554, 64556, 64557, 64559, 64305, 64568, 64569, 64572, 65090, 64450, 64451, 64582, 64329, 64330, 64586, 64332, 64333, 64593, 64340, 64341, 65120, 80484, 80486, 80488, 65140, 82425}"
21,"{22530, 515, 23050, 22540, 19980, 23060, 15380, 22550, 22553, 22557, 23070, 22560, 15395, 548, 22570, 22580, 570, 22590, 22600, 590, 600, 15451, 22620, 15460, 22630, 22640, 22650, 22660, 22680, 22700, 22710, 22730, 22750, 22770, 22260, 22261, 22264, 22780, 22790, 7430, 22280, 22290, 22300, 22820, 15140, 22830, 22320, 22330, 22340, 22860, 22870, 15190, 22360, 22880, 15201, 22370, 15203, 15202, 15205, 15206, 15207, 15204, 22380, 22900, 22390, 15230, 22400, 22912, 22410, 22420, 22940, 22430, 420, 22950, 22440, 30635, 431, 22450, 22970, 19898, 22460, 22470, 22990, 22480, 19921, 468, 23000, 22490, 19930, 481, 23010, 22500, 19940, 490, 23020, 22510, 23030, 22520}"
22,"{39428, 39429, 39940, 39438, 39439, 39440, 39441, 39442, 39955, 39443, 39445, 39446, 39447, 39448, 39450, 39451, 39452, 39965, 39454, 39455, 39456, 36390, 39983, 31818, 20050, 20070, 20090, 20110, 22165, 22175, 85203, 85205, 85210, 85220, 85230, 22260, 22261, 22264, 22280, 22290, 22300, 22320, 22330, 22340, 19790, 22360, 22370, 19810, 22380, 39790, 22390, 19830, 39800, 22400, 39810, 22410, 19850, 39820, 22420, 39830, 22430, 39840, 22440, 39850, 22450, 39860, 22460, 39870, 22470, 39880, 22480, 39890, 22490, 39900, 22500, 39910, 31731, 31736, 39930}"
113,"{21120, 21250, 260, 21140, 21141, 21150, 21280, 548, 21290, 85170, 21170, 570, 85180, 85059, 85190, 85062, 31560, 85064, 85066, 85067, 85200, 340, 21080, 85210, 31580, 40801, 21090, 40802, 85220, 40804, 40806, 40807, 85100, 85230, 22255, 22256, 21110}"
7,"{515, 3600, 8210, 538, 8231, 558, 8250, 1085, 575, 1610, 8780, 8270, 8790, 1110, 8285, 8810, 8300, 8820, 8840, 8330, 8850, 8350, 8870, 8890, 8905, 8400, 8401, 8920, 8940, 8429, 8440, 8450, 8970, 8460, 7950, 7960, 8990, 7970, 8485, 9000, 7980, 8494, 9010, 98105, 8510, 8000, 9030, 8010, 8530, 9050, 8540, 8030, 9060, 8550, 8040, 880, 8050, 9090, 8070, 8590, 8080, 9110, 8090, 31136, 31137, 8100, 30122, 8620, 8110, 430, 1471, 8641, 450, 1480, 8140, 1490, 8660, 1500, 8160, 480, 1510, 8681, 8175, 8690, 500, 1530, 8190}"
60,"{3589, 41990, 42000, 42010, 39976, 39980, 39990, 42048, 42050, 30790, 30800, 42070, 21080, 42080, 21090, 42091, 12910, 3700, 21110, 42105, 3710, 21120, 42120, 42130, 3730, 21140, 21141, 42140, 3740, 21150, 3760, 21170, 45751, 3770, 3778, 79561, 79569, 3800, 3810, 22252, 22253, 41740, 41980, 41750, 27420, 41760, 30510, 41780, 21310, 11070, 31560, 21320, 41800, 41805, 41819, 31580, 41830, 27500, 32120, 41850, 32140, 41870, 3470, 32150, 41880, 3484, 32160, 40871, 40873, 31660, 40876, 3500, 41900, 11180, 31670, 11190, 11191, 3515, 31680, 46022, 46025, 3530, 41930, 31700, 3541, 41940, 3550, 41950, 13283, 13284, 31720, 13291, 13292, 41965, 3570, 41970, 31736, 3580, 41982}"
673,"{18440, 26641, 31765, 19862, 26645, 22553, 20250, 19740, 22557, 32030, 22560, 20130, 22820, 420, 19750, 26665, 20270, 31791, 22830, 558, 431, 19898, 19650, 578, 33220, 26690, 20170, 19790, 468, 10325, 19670, 600, 10328, 19930, 26715, 20190, 481, 26730, 32364, 22260, 19700, 19830, 20090, 20220}"
987,"{34880, 8070, 25798, 12200, 12170, 35149, 34640, 35120, 8050, 8401, 27600, 27570, 35030, 27540, 12090}"
116,"{515, 19077, 531, 15380, 20250, 1690, 19740, 15395, 548, 420, 19750, 20010, 30635, 20270, 18990, 431, 19000, 19640, 570, 19900, 19650, 19010, 20170, 19020, 590, 15230, 468, 19670, 15190, 600, 605, 20190, 15201, 15204, 19050, 619, 490, 18675, 19700, 19060, 20220, 19070}"
125,"{21380, 36100, 36490, 21390, 36110, 22010, 36500, 21400, 36120, 36510, 21410, 39976, 36520, 36522, 39980, 36525, 22190, 36140, 558, 36145, 36530, 39990, 22200, 36155, 36540, 22210, 578, 36170, 36090, 22220, 36560, 40016, 40018, 36180, 40020, 22230, 21590, 340, 468, 36190, 21600, 481, 22244, 36580, 21350, 21990, 21360, 21620, 31736, 21370}"
9,"{41986, 41987, 11012, 41989, 8840, 8970, 8330, 8590, 8210, 41982, 11030, 31134, 8990, 55583, 8350, 8100, 8485, 8870, 41900, 11180, 8110, 8494, 41904, 41908, 11190, 8890, 8250, 30140, 8510, 11070, 11200, 8641, 8905, 8140, 30160, 8401, 8790, 8920, 8540, 8160, 8550, 8681, 8940, 8300, 41965, 8175, 41970, 8440, 41980, 8190}"
214,"{648, 1040, 1050, 64540, 670, 64548, 81704, 64555, 64556, 64557, 64569, 64572, 700, 320, 64450, 64579, 65092, 64581, 64586, 64593, 80484, 360, 620, 628, 375}"
271,"{68611, 68612, 79877, 65030, 68613, 68614, 65034, 65036, 65038, 65039, 65042, 64540, 64548, 64554, 64556, 64557, 64559, 64568, 64569, 29240, 64572, 29247, 65090, 64579, 65092, 64582, 64586, 64589, 64591, 64594, 64600, 11352, 64605, 64610, 80486, 64620, 64630, 64640, 64650, 70803, 64660, 70805, 70807, 25752, 25243, 70813, 64670, 10912, 72869, 10917, 72871, 70823, 72880, 80565, 70841, 80571, 80572, 29405, 72932, 29420, 72950, 72960, 29440, 72970, 72980, 72984, 65305, 81692, 81704, 65320, 65323, 65325, 65328, 65329, 73010, 65335, 73020, 73030, 73040, 73042, 73044, 64450, 64451, 70596, 67014, 67015, 64970, 64980, 68570, 70619, 68582, 65000, 68584, 68590, 68591, 68592, 68593, 68594, 68595, 68596, 68597, 68598, 68599, 79871}"
200,"{64540, 81692, 64548, 81704, 64554, 64556, 64557, 64559, 64562, 64568, 64569, 64572, 65090, 64579, 64450, 64451, 64582, 64455, 64586, 64592, 80484}"
894,"{63490, 63620, 63240, 63370, 63630, 63380, 63640, 62370, 63280, 63290, 63680, 63300, 63560, 63305, 63690, 63570, 63320, 63580, 63330, 63590, 63595, 63340, 63215, 63220, 63610}"
50,"{34820, 15380, 34840, 15395, 45610, 34860, 46130, 30770, 34870, 45630, 34880, 31811, 46150, 30790, 20040, 31818, 30800, 45651, 46165, 31830, 21600, 30820, 31850, 32364, 14960, 14961, 14962, 14963, 21620, 14970, 34940, 31871, 14980, 35979, 34960, 31890, 35990, 15000, 15002, 31900, 34980, 31910, 31920, 15540, 15030, 35000, 31930, 15040, 15050, 35020, 31950, 15570, 35030, 15580, 31970, 15588, 35050, 35060, 30453, 31990, 15610, 30460, 35070, 35080, 32010, 32011, 30480, 30490, 15650, 15651, 22820, 15652, 35110, 22830, 30510, 35120, 30520, 22850, 30530, 35140, 36680, 35149, 34640, 36690, 15190, 56151, 34650, 36700, 37220, 15205, 36711, 36720, 34680, 15230, 34690, 34700, 34710, 19875, 34730, 34740, 99253, 99252, 99254, 34750, 99263, 33220, 33221, 34760, 34770, 19922, 34780, 21990, 34800, 22009}"
36,"{515, 30340, 3460, 3589, 30855, 46092, 3470, 3600, 3730, 1530, 3860, 46101, 30870, 30360, 538, 3484, 3740, 46110, 3870, 420, 3880, 3881, 30890, 3883, 30380, 3500, 558, 430, 3760, 3380, 30390, 3770, 3515, 30910, 1471, 575, 3778, 450, 3400, 1480, 30410, 3530, 1610, 45649, 30930, 45651, 3410, 3541, 1490, 56151, 3800, 3420, 1500, 30430, 3550, 480, 3810, 45670, 30950, 30440, 3430, 1510, 3820, 45680, 30960, 3570, 3700, 500, 3830, 3450, 3580, 3710}"
824,"{67037, 64802, 64835, 65252, 80390, 64840, 80400, 79890, 70807, 80380, 80412, 67039}"
37,"{531, 32790, 548, 570, 32830, 31811, 20040, 32840, 590, 32850, 15451, 15460, 619, 32364, 14960, 32890, 32386, 32387, 32388, 32389, 32900, 32391, 32392, 32393, 32394, 32395, 32397, 32399, 32401, 32405, 32408, 32920, 32410, 32411, 32412, 32413, 32416, 32417, 32418, 32419, 32420, 32421, 32930, 32423, 32425, 32426, 32427, 32430, 32431, 32433, 32435, 32436, 32950, 32439, 32440, 32441, 32442, 33020, 260, 32011, 33050, 15651, 33060, 15140, 15652, 33070, 33080, 33090, 22850, 340, 33110, 15190, 33120, 15204, 33140, 15230, 33150, 33160, 33180, 33190, 30635, 32740}"
554,"{1920, 648, 18440, 8590, 81684, 81820, 670, 64555, 8494, 700, 320, 64065, 67013, 1480, 81737, 67019, 64590, 720, 360, 620, 81775, 628, 375, 62329}"
556,"{29440, 67720, 67990, 25752, 25243, 10912, 10917, 84266, 68020, 71348, 29240, 71355, 71356, 29247, 71359, 67650, 84292, 67013, 67019, 64590, 11352, 29405, 35293, 29420, 9586, 67700, 35322}"
891,"{63202, 63620, 63590, 63560, 63720, 63370, 63595, 64143, 63570, 63610, 63580, 63741}"
269,"{62337, 81794, 62338, 62339, 72324, 72326, 81800, 81802, 81678, 81680, 81810, 81684, 73366, 81820, 71325, 71326, 71327, 71328, 81825, 68397, 81840, 68401, 81714, 68404, 81845, 66871, 71353, 81852, 81854, 73407, 63811, 81733, 81861, 81737, 81738, 73419, 81741, 81870, 81871, 64592, 73167, 81880, 81755, 81884, 81760, 81762, 73059, 72291, 73342, 81775, 72304, 72305, 72307, 81790, 81791}"
887,"{67037, 64802, 64835, 79900, 79890, 70807, 82780, 80412, 65630, 67039}"
858,{85067}
216,"{62337, 81794, 62338, 62339, 72324, 72326, 648, 905, 81800, 72328, 81802, 81678, 81680, 1040, 81810, 81684, 1050, 81820, 670, 81825, 940, 81840, 81714, 81845, 950, 700, 81852, 320, 64065, 63811, 67013, 81733, 81861, 81737, 81738, 67019, 970, 81741, 81870, 81871, 81880, 81755, 81884, 81760, 81762, 72291, 360, 620, 81775, 72304, 628, 375, 81790, 81791}"
219,"{81794, 62338, 648, 905, 81800, 81678, 81680, 1040, 81810, 81684, 1050, 81820, 670, 81825, 940, 81840, 81714, 81845, 950, 700, 81852, 81854, 320, 81733, 81861, 81737, 81738, 67019, 970, 81741, 81870, 81871, 81880, 81884, 81760, 360, 620, 81775, 628, 375, 62329, 81790}"
246,"{70660, 80390, 79880, 80400, 79890, 79892, 80412, 79906, 65157, 65159, 70812, 70814, 70815, 70817, 70820, 72869, 70822, 72871, 72872, 72875, 72876, 72877, 72879, 72881, 72882, 72884, 72886, 72887, 72888, 72889, 80566, 64768, 64769, 64770, 64780, 65305, 64802, 82730, 65325, 64835, 82760, 64845, 84310, 82790, 82800, 70520, 82810, 70530, 65925, 65926, 65927, 65930, 65931, 70540, 65940, 70550, 70560, 99750, 99751, 99752, 99753, 99754, 70570, 70580, 80380, 70590, 67014, 67015, 67035, 67036, 70620, 67038, 67045, 79854, 79856, 85489, 79858, 70640, 79868}"
55,"{37120, 7430, 32010, 32011, 37130, 31890, 37140, 19862, 31900, 37150, 19875, 22820, 548, 31910, 420, 37160, 22830, 431, 31920, 37170, 31930, 570, 37180, 22850, 33220, 33221, 20040, 31818, 31950, 590, 19921, 468, 31830, 19930, 481, 31970, 37090, 37220, 19940, 31850, 32364, 37100, 32371, 31990, 37110, 31871}"
57,"{15500, 32013, 15120, 39459, 39460, 39461, 39462, 39463, 39464, 39465, 39466, 39467, 39468, 39469, 39470, 39471, 39472, 39473, 15532, 431, 15540, 15030, 570, 15040, 420, 31811, 548, 15050, 590, 15570, 15060, 468, 39510, 39770, 15580, 15070, 39520, 481, 15080, 39530, 15090, 39540, 15480, 15100}"
245,"{79872, 79874, 68611, 68612, 68613, 79878, 68614, 79880, 80400, 79890, 70676, 70677, 70679, 70681, 79900, 80412, 73818, 68700, 72290, 68710, 72294, 68720, 72310, 72312, 72314, 68740, 73350, 73352, 72330, 70802, 70806, 73368, 68770, 73380, 70823, 72360, 70826, 70828, 68780, 68782, 72880, 70832, 68786, 70835, 68788, 70837, 68784, 72371, 72380, 73419, 72400, 72410, 68360, 64790, 72984, 65305, 64800, 64802, 68390, 68391, 65325, 68398, 68400, 68402, 68406, 68408, 68410, 64835, 68420, 72015, 74575, 68435, 68438, 68440, 72030, 72040, 68460, 68462, 68463, 72050, 68470, 68471, 68474, 72060, 72080, 68498, 72100, 73130, 72120, 73152, 67014, 67015, 72134, 72140, 67022, 73167, 67026, 67028, 68570, 72161, 72163, 73188, 72164, 68582, 68584, 68590, 68591, 68592, 68593, 68594, 68595, 68596, 68597, 79862, 68599, 79864, 79868}"
886,"{64802, 64835, 67938, 70820, 70822, 82730, 70812, 79890, 67925, 64790, 80565, 79900, 70814, 67935}"
823,"{64768, 64769, 64770, 64640, 65157, 80390, 65159, 64650, 64780, 80400, 79890, 64660, 79892, 64790, 70807, 79900, 80412, 64670, 64802, 72872, 64835, 64845, 67037, 67039, 64630, 80380}"
989,"{64065, 67013, 67014, 67015, 64840, 25798, 16330, 67019, 64790, 64760}"
241,"{64768, 64769, 64770, 64900, 80390, 65159, 79880, 79878, 64780, 64910, 80400, 79890, 80412, 85410, 84266, 79868, 84270, 64955, 64956, 64957, 64958, 84292, 67014, 67015, 70600, 64845, 67022, 64720, 67025, 67922, 67925, 64730, 67932, 67935, 67938, 64740, 67943, 67944, 67947, 85489, 64760, 80380}"
892,"{63744, 64065, 63720, 63370, 63733, 63482, 63741}"
56,"{14980, 15500, 15120, 15000, 15002, 15650, 15651, 15652, 548, 420, 15532, 431, 15540, 15030, 14970, 570, 15040, 15050, 590, 15570, 15060, 468, 15580, 15070, 481, 15588, 15080, 14960, 14961, 14962, 14963, 15090, 15480, 15610, 15100}"
14,"{12160, 515, 11910, 12040, 12170, 11790, 3600, 11920, 12050, 1530, 11800, 538, 11680, 11940, 420, 12070, 12200, 11690, 11820, 558, 430, 12080, 11700, 11960, 12090, 1471, 11840, 575, 450, 1480, 1610, 11980, 12110, 11730, 8403, 11860, 1490, 11990, 8530, 600, 8540, 1500, 11870, 480, 12130, 11750, 1510, 11880, 12010, 12140, 11890, 500, 11770, 12030}"
980,"{29340, 43778, 25793, 25795, 27590, 25798, 11880, 11690, 13070, 2960, 43792, 27570, 29361, 27540, 11800, 2940, 25791}"
217,"{79872, 79874, 79877, 79878, 648, 8590, 65305, 670, 85410, 65320, 65323, 65325, 8494, 65328, 65329, 65335, 700, 320, 67014, 67015, 67022, 720, 67026, 67028, 360, 620, 628, 79862, 375, 79864}"
888,"{71300, 71430, 66700, 71440, 68370, 68372, 71320, 65305, 71450, 71328, 71331, 71460, 65320, 71210, 65323, 65325, 65329, 71220, 65335, 71230, 67014, 67015, 71240, 71250, 71380, 71260, 84829, 71270, 71410, 71290, 71420}"
8,"{43778, 2180, 12550, 43782, 43784, 29259, 43788, 36752, 43792, 2200, 12322, 27570, 12340, 2360, 43706, 43710, 43712, 12481, 43714, 2370, 12484, 43716, 12486, 12487, 27590, 27335, 43720, 2250, 43724, 2247, 2245, 2255, 43728, 12497, 29261, 29258, 2260, 12630, 2262, 29270, 29273, 29274, 29275, 29276, 29277, 20830, 8671, 8672, 12378, 12380, 12010, 2285, 2672, 11890, 2291, 43765, 29301, 2295, 96760, 43770}"
212,"{79872, 79874, 79878, 648, 8590, 1040, 1050, 670, 85410, 8494, 700, 320, 67013, 67014, 67015, 67019, 67022, 720, 67026, 67028, 360, 620, 628, 79862, 375, 79864}"
218,"{320, 360, 648, 970, 67019, 620, 940, 905, 1040, 628, 950, 375, 1050, 700, 670}"
226,"{68610, 68612, 68613, 68620, 68630, 68640, 68650, 68670, 68680, 68690, 68700, 68710, 68200, 68720, 68210, 68740, 71300, 68230, 66700, 71310, 68240, 66710, 68250, 68260, 66730, 68270, 72880, 66740, 68280, 71866, 68290, 68300, 67280, 67290, 67300, 68330, 68340, 67320, 67330, 68360, 67340, 68370, 68372, 72984, 65305, 74525, 67360, 68390, 67370, 65325, 67380, 67390, 67400, 67410, 84821, 68440, 67420, 84829, 67430, 68460, 68470, 67450, 68480, 67460, 68490, 68502, 68510, 68530, 68540, 67014, 67015, 68550, 68560, 68570, 68063, 68065, 68066, 68067, 68068, 68069, 68582, 68070, 68584, 68590}"
221,"{71680, 68612, 68613, 67100, 67110, 67130, 67150, 68180, 73300, 67160, 73310, 67170, 68200, 67180, 68210, 67190, 73340, 73342, 67200, 68230, 73350, 73352, 67210, 67220, 73366, 73368, 67230, 73380, 67240, 72880, 66780, 72420, 66790, 73960, 66800, 74482, 72435, 73970, 72442, 66810, 72444, 72446, 66820, 72452, 73990, 66830, 74000, 71954, 72984, 65305, 68888, 71961, 71960, 66850, 71971, 71970, 74020, 66860, 65325, 71981, 74030, 74032, 71985, 74034, 74035, 74033, 74037, 66870, 71990, 74039, 74041, 73528, 73527, 66880, 73539, 72005, 73541, 66890, 66900, 73560, 84830, 73570, 67430, 66930, 73590, 67450, 73600, 67460, 67470, 73620, 73625, 74142, 74144, 74146, 74147, 74151, 74152, 73130, 74154, 73152, 67014, 67015, 84940, 68570, 68582, 68584, 71658, 84970, 71660, 68590, 68592, 68595, 71675}"
249,"{71170, 69126, 71180, 71190, 71210, 69170, 71220, 69181, 71230, 67650, 71240, 69200, 71250, 73300, 69210, 71260, 73310, 69220, 71270, 69230, 71280, 67700, 69240, 71290, 70782, 69250, 71300, 67720, 69260, 66700, 71310, 69270, 71320, 71322, 71326, 69280, 71328, 71331, 69290, 69300, 74437, 69320, 71370, 74446, 74447, 74448, 74450, 74451, 71380, 74453, 74455, 69340, 81637, 69350, 71400, 71410, 69370, 71420, 69380, 71430, 69390, 71440, 68370, 68372, 69400, 71450, 69402, 82720, 71460, 84266, 68394, 84270, 71470, 68403, 68404, 68405, 68407, 71480, 68409, 68920, 71490, 68930, 68940, 68950, 71510, 68960, 71520, 73059, 68980, 73077, 73079, 68990, 73089, 73092, 67990, 68000, 68010, 68020, 70600, 71140, 71150, 85489, 71160}"
48,"{29440, 12550, 29320, 35850, 12560, 35860, 25751, 25243, 29340, 10912, 10917, 29350, 29361, 36791, 12600, 29240, 29244, 29245, 29247, 36800, 8641, 29249, 29251, 29248, 29253, 29254, 29255, 29256, 29257, 29380, 8660, 12630, 11352, 29405, 36830, 29278, 29279, 29280, 12770, 29420, 8429, 36845, 35821, 35825, 29300, 8440}"
4,"{515, 1540, 12805, 1550, 12820, 1560, 538, 1570, 12840, 558, 12860, 575, 1610, 600, 12890, 605, 12900, 4200, 12910, 4220, 12930, 4230, 4245, 12950, 1690, 12960, 4265, 12980, 4280, 12991, 12481, 4290, 12484, 12485, 12487, 4300, 12496, 12497, 4325, 4340, 43765, 8440, 4355, 12550, 12560, 4370, 41255, 18220, 12600, 41280, 3910, 41290, 3920, 41300, 12630, 3930, 3940, 3950, 3960, 41340, 41350, 3980, 41360, 3990, 41370, 4000, 420, 41380, 4010, 430, 41390, 4020, 1471, 450, 4050, 480, 4070, 12780, 4080, 500, 12790, 1530}"
550,"{67720, 648, 67990, 670, 1190, 84266, 690, 68020, 1215, 320, 64065, 67650, 84292, 1230, 360, 620, 67700, 628, 375, 11130}"
27,"{27520, 27270, 27530, 531, 27540, 27670, 27290, 27420, 27550, 27300, 548, 420, 27175, 27560, 27180, 27310, 433, 27570, 27700, 27190, 27320, 570, 27200, 27590, 1350, 27720, 27335, 27210, 590, 27600, 1360, 468, 27350, 27480, 27610, 1370, 27230, 27360, 27745, 27240, 27370, 490, 27500, 27380, 27510, 27260}"
545,"{640, 21765, 72456, 905, 72458, 68496, 71954, 660, 790, 1050, 1051, 73757, 73758, 71334, 71335, 71336, 72488, 810, 940, 71341, 820, 71348, 950, 71353, 71355, 71356, 700, 71359, 81755, 73848, 620, 72305, 760}"
522,"{640, 76420, 21765, 390, 76810, 76298, 76299, 76302, 76305, 660, 76820, 76310, 76700, 1190, 38567, 76710, 76840, 76970, 76720, 690, 76595, 76730, 1215, 79295, 76610, 1230, 340, 76630, 75992, 76770, 361, 620, 76014, 76790}"
661,"{21765, 21833, 5419, 75307, 5421, 75758}"
674,"{515, 13700, 14340, 28680, 14230, 2200, 13721, 1690, 538, 14360, 13600, 420, 14250, 1710, 558, 431, 13620, 2360, 13760, 578, 2370, 99271, 14280, 13640, 1610, 13770, 468, 13910, 14038, 600, 14170, 13660, 605, 14300, 13670, 490, 14190, 2672, 40049, 40050, 14200}"
675,"{7040, 7810, 515, 75780, 7430, 75910, 7690, 7180, 75790, 75408, 75409, 75800, 538, 6300, 75932, 7710, 7200, 75810, 420, 7080, 7210, 7850, 75820, 558, 431, 6320, 7730, 75700, 6070, 75830, 7100, 75840, 578, 7750, 99271, 7880, 1610, 75850, 7630, 7120, 75730, 468, 6100, 75860, 600, 7000, 7770, 75740, 605, 75870, 7010, 7140, 16100, 75750, 16103, 7912, 75881, 490, 7790, 75760, 75890, 7670, 7160, 75770, 75901}"
5,"{515, 6660, 5640, 6670, 531, 5660, 6685, 548, 6693, 5670, 29225, 6710, 570, 5690, 6730, 590, 5710, 6740, 600, 605, 6750, 5730, 619, 5740, 6770, 5765, 6790, 5770, 5771, 6800, 6290, 6300, 5790, 6310, 75430, 6320, 5810, 6330, 75450, 5820, 75460, 5830, 5840, 6360, 5860, 6380, 5875, 5880, 6400, 7430, 5900, 6420, 5910, 6940, 6440, 5930, 5940, 6460, 5960, 6480, 35670, 6490, 5980, 5990, 75110, 6510, 6000, 75120, 5492, 6520, 5502, 6020, 75140, 6030, 6550, 6040, 6050, 420, 6565, 30635, 6060, 431, 6580, 6070, 6590, 6080, 99271, 6600, 468, 6100, 6615, 6120, 490, 5610, 6640, 6650, 6651, 6652, 6653, 5630}"
11,"{11520, 12290, 515, 11140, 12420, 11150, 11535, 12430, 12310, 1180, 12322, 12450, 12460, 12210, 12340, 12470, 12220, 1085, 12350, 12351, 12352, 12353, 450, 12354, 12480, 12230, 99271, 11080, 12240, 11090, 12372, 12373, 1110, 12375, 11480, 12376, 12377, 12378, 11100, 12380, 12250, 480, 1120, 11490, 12260, 12390, 1000, 11500, 12270, 12400, 500, 11510, 12280, 12410}"
19,"{20610, 515, 20620, 19470, 20880, 531, 20630, 19480, 1690, 20890, 21020, 20640, 19490, 548, 420, 21030, 20650, 30635, 19500, 21040, 433, 20530, 19380, 20921, 570, 21050, 20540, 19390, 20670, 20550, 20680, 20940, 590, 20560, 19410, 468, 20950, 600, 20570, 19420, 605, 20700, 20960, 20580, 20710, 490, 619, 20970, 20590, 19440, 20720, 20980, 20600}"
24,"{515, 24580, 19470, 24590, 531, 19480, 24600, 21020, 19490, 24610, 548, 21030, 19500, 24620, 21040, 20530, 24630, 570, 21050, 20540, 24640, 20550, 24650, 590, 20560, 24660, 600, 20570, 605, 24670, 20580, 24680, 619, 20590, 24690, 20600, 24700, 20610, 24710, 20620, 24720, 20630, 1690, 20640, 24740, 20650, 24750, 24760, 24250, 24770, 24260, 24780, 24270, 24280, 20700, 24290, 20710, 24300, 20720, 24310, 24320, 24321, 24330, 24340, 24350, 24360, 24370, 24380, 24390, 24400, 24410, 24430, 24440, 24450, 24460, 20880, 24470, 20890, 24480, 420, 24490, 30635, 433, 19380, 24500, 19390, 24510, 20940, 19410, 468, 20950, 19420, 24540, 20960, 490, 20970, 19440, 24560, 20980, 24570}"
26,"{515, 27140, 27150, 531, 27160, 548, 570, 590, 600, 605, 26210, 619, 26220, 26230, 26240, 17024, 26250, 17040, 6290, 26260, 17560, 6300, 26270, 17570, 26280, 17070, 26290, 17590, 17080, 26300, 26310, 17610, 17100, 26320, 7380, 17110, 17120, 26340, 17640, 26350, 17650, 17140, 26360, 26370, 7430, 17160, 26380, 17680, 17170, 26390, 17694, 17695, 26400, 17696, 17698, 7479, 7500, 26965, 26980, 26990, 27000, 27010, 27020, 27030, 6050, 420, 27050, 30635, 433, 27070, 17350, 17360, 27090, 468, 6100, 27100, 35297, 27110, 6120, 490, 27120, 27130, 35324}"
28,"{28160, 28800, 515, 7430, 28550, 28040, 28425, 28680, 27910, 27860, 27790, 6290, 531, 28180, 27930, 6300, 28060, 28700, 28575, 6050, 28450, 548, 420, 27940, 27810, 75390, 30635, 27820, 27950, 28080, 433, 28210, 28720, 28470, 28600, 570, 27840, 27970, 28100, 28230, 28490, 590, 468, 6100, 28374, 28630, 600, 28376, 28250, 28120, 27990, 605, 28510, 28000, 28130, 28260, 6120, 27880, 490, 619, 28140, 28650, 28010, 28530, 27890, 28020, 75380, 28670, 28410, 28540, 28285, 28030, 28287}"
29,"{2690, 260, 18180, 390, 18190, 41360, 18706, 2580, 18200, 538, 41370, 18170, 2590, 18720, 18210, 41380, 41255, 2600, 2730, 30635, 18090, 558, 41390, 2610, 2740, 18100, 18740, 2620, 575, 41280, 13760, 18630, 2760, 18120, 1610, 41290, 18760, 2640, 18640, 2770, 340, 41300, 600, 18650, 2780, 18145, 18785, 2660, 18660, 2790, 18150, 361, 619, 18670, 2672, 2800, 14200, 2810, 13950}"
33,"{515, 31240, 40075, 31500, 40077, 19470, 20880, 31250, 531, 31510, 19480, 1690, 19490, 548, 420, 31140, 24360, 31530, 30635, 19500, 31150, 433, 24370, 19380, 31160, 570, 31547, 19390, 31550, 31552, 31430, 31180, 590, 31440, 19410, 468, 31190, 600, 1370, 31450, 19420, 605, 20700, 31460, 20710, 24680, 490, 619, 31340, 31210, 31470, 19440, 20720, 31220, 31350, 31480, 31230}"
889,"{81632, 81637, 70826, 70828, 70832, 70802, 70803, 72371, 70805, 68598, 70806, 72050, 72380, 70813, 70782}"
312,"{640, 38145, 76420, 390, 76810, 76298, 76300, 76301, 76302, 76305, 76306, 660, 76820, 76310, 76308, 76700, 76830, 38560, 38180, 1190, 38567, 76710, 76840, 76330, 76590, 76720, 690, 76595, 1209, 76730, 76222, 1215, 79295, 76224, 76610, 76226, 1230, 38610, 340, 38230, 76630, 76770, 361, 620, 76790, 38650, 76925}"
1,"{2050, 515, 2180, 2440, 2060, 3600, 2450, 2070, 2200, 538, 1690, 2080, 420, 2470, 2090, 558, 430, 2480, 2360, 2490, 2110, 575, 1471, 450, 2370, 2500, 1610, 2510, 2130, 2390, 600, 2520, 2010, 1500, 605, 2140, 480, 2400, 2020, 1510, 2150, 2410, 2030, 2672, 500, 2420, 1530, 2430}"
2,"{515, 1540, 2570, 1550, 2580, 538, 2590, 2600, 558, 2610, 2620, 575, 1610, 3150, 3151, 3152, 3153, 3154, 3155, 3156, 2640, 600, 12890, 605, 3170, 2660, 3180, 2670, 2672, 3190, 2680, 3200, 2690, 2180, 3220, 2710, 2200, 1690, 3230, 2720, 3240, 2730, 3250, 2740, 3271, 2760, 3280, 2770, 2780, 3293, 1250, 2790, 1260, 2800, 1270, 2810, 1280, 3330, 2820, 2830, 2840, 2850, 2860, 2870, 2360, 2880, 2890, 2900, 2910, 2911, 2920, 2930, 2940, 2950, 2960, 2970, 420, 2980, 430, 2995, 3000, 1471, 450, 3010, 3020, 3030, 3032, 3033, 3034, 3035, 3036, 3037, 13277, 480, 500, 2550, 1530}"
70,"{10240, 515, 900, 9220, 9480, 3600, 9240, 538, 9500, 10911, 10912, 9510, 10280, 940, 558, 430, 9140, 950, 9271, 9530, 9150, 575, 1471, 10305, 450, 1610, 10190, 9550, 9170, 10325, 9560, 11352, 1500, 480, 10210, 1510, 9190, 880, 10225, 9200, 9586, 500, 9460, 1530}"
10,"{13441, 515, 11400, 11410, 1180, 11420, 11430, 11570, 1085, 1471, 450, 11590, 29261, 11600, 1110, 29270, 29273, 11610, 11100, 29277, 480, 1120, 11620, 11370, 11630, 500, 29301, 11640, 11130, 11132, 11390}"
43,"{29440, 13441, 41986, 515, 41987, 41989, 29320, 41980, 25751, 25243, 1180, 29340, 10911, 10912, 10917, 29350, 41904, 29361, 41908, 29240, 29244, 1085, 11070, 1471, 29248, 29249, 450, 29251, 29245, 29253, 29254, 29255, 29256, 29257, 29258, 29259, 29380, 29261, 29247, 1110, 29270, 11352, 29273, 29274, 29275, 11100, 29277, 29276, 29278, 480, 29279, 29280, 29405, 29420, 41965, 35825, 41970, 500, 29301, 29300, 11130, 11132, 41982}"
13,"{2690, 515, 1540, 2180, 41350, 4490, 1550, 41360, 4500, 2710, 2200, 538, 1690, 41370, 2720, 420, 41380, 41255, 2730, 18220, 558, 430, 41390, 2740, 2360, 575, 1471, 41280, 450, 3910, 1610, 41290, 2640, 3920, 41300, 600, 12890, 3037, 605, 480, 1250, 2660, 41320, 1260, 2670, 2672, 4465, 500, 2680, 1530, 41340}"
47,"{480, 1120, 450, 515, 13441, 13410, 13510, 11100, 11132, 13390, 13500, 500, 1110, 11130, 1180, 1085, 1471}"
49,"{41986, 515, 41987, 41989, 11140, 11010, 11270, 11150, 3600, 11030, 538, 11290, 1180, 10911, 10912, 10915, 11300, 10916, 10920, 11180, 558, 41904, 41908, 9140, 11190, 10940, 1085, 11070, 575, 1471, 11200, 450, 11330, 10950, 11080, 1610, 11090, 1110, 11352, 10970, 1500, 11100, 11230, 480, 1120, 1510, 1000, 41965, 10990, 41970, 11250, 500, 1530, 41980, 41982}"
301,"{77314, 77315, 77316, 390, 75910, 77320, 75912, 77318, 75932, 5419, 75307, 5421, 70702, 70704, 70706, 70708, 75700, 70710, 70712, 1209, 70714, 70716, 70718, 1215, 840, 1230, 16120, 75730, 340, 860, 75740, 16101, 75750, 75752, 361, 75754, 75881, 75756, 75884, 75758, 75886, 75890, 75000, 75901}"
308,"{82180, 390, 76810, 82320, 76820, 82200, 38810, 82330, 82080, 940, 82220, 76590, 82095, 82097, 81330, 76595, 82100, 81332, 950, 82230, 81336, 82105, 82106, 82107, 81338, 81340, 82110, 81334, 76610, 840, 82120, 970, 76490, 82130, 340, 76630, 82140, 860, 76770, 82150, 82280, 361, 75758, 82160, 81392, 76790, 82170, 82300}"
316,"{16900, 16390, 16400, 16920, 16409, 16940, 16960, 16980, 16990, 17010, 16509, 16515, 16520, 17040, 17560, 17570, 17070, 17590, 17080, 1209, 1215, 16580, 17610, 17100, 1230, 16590, 17110, 17120, 16610, 17640, 16620, 17650, 17140, 16630, 16640, 17160, 16650, 17680, 16660, 16670, 5417, 5419, 17710, 17730, 840, 17740, 340, 860, 17760, 361, 16240, 17780, 16250, 16260, 390, 17800, 16270, 16280, 17820, 16800, 16290, 17830, 16810, 16300, 17840, 16310, 16830, 17860, 16840, 16330, 17870, 16850, 16340, 17880, 16860, 17890, 16870, 17900, 75756, 16880, 16890}"
74,"{10500, 9605, 390, 9990, 10120, 10630, 9610, 9612, 10510, 10640, 5402, 10010, 10525, 9630, 10400, 10145, 10020, 10410, 9901, 10030, 10420, 10550, 10040, 1209, 10620, 10430, 1215, 10050, 840, 10570, 9930, 10060, 10445, 1230, 340, 10580, 10070, 860, 10460, 9950, 10083, 10470, 10600, 361, 10480, 9586, 9970, 10100, 9589, 10615, 10490, 9980, 10110}"
76,"{37760, 37890, 38020, 390, 37510, 37640, 37770, 37900, 37520, 37780, 37910, 37655, 37400, 16409, 37530, 37790, 37920, 37410, 16419, 37540, 37800, 5417, 37930, 5419, 37420, 16430, 37550, 37680, 37810, 37940, 37430, 37560, 1209, 37820, 37950, 1215, 37440, 37695, 37570, 37830, 840, 37960, 37450, 1230, 37710, 37840, 37970, 340, 37460, 36950, 37850, 860, 37980, 37470, 36960, 37600, 37730, 37860, 37990, 37480, 361, 37610, 37740, 37870, 37360, 38000, 37490, 37620, 37750, 37880, 37500}"
77,"{39170, 390, 38920, 39050, 39310, 38930, 39190, 39320, 77720, 39070, 39332, 77860, 38950, 39334, 39080, 39336, 39210, 77737, 39340, 77738, 38830, 77490, 38840, 1209, 38970, 77880, 39100, 77500, 39230, 1215, 77630, 77882, 38850, 77510, 840, 39240, 1230, 38990, 39120, 77520, 77650, 340, 38870, 860, 39260, 39010, 39140, 39270, 361, 38890, 38900, 39030, 39160, 39290, 38910}"
994,"{390, 24330, 40075, 40077, 24720, 14230, 2200, 13721, 20890, 5400, 28575, 38560, 5420, 37040, 24370, 24250, 570, 2370, 24770, 24260, 28100, 25798, 17100, 35660, 5330, 468, 24280, 600, 20700, 28510, 480, 24680, 41450, 619, 2672}"
3,"{1540, 12805, 1550, 531, 12820, 1560, 538, 1570, 12840, 558, 12860, 575, 1610, 600, 12890, 605, 12900, 4200, 12910, 4220, 12930, 4230, 4245, 12950, 1690, 12960, 4265, 12980, 4280, 12991, 4290, 4300, 13005, 13020, 4325, 13030, 13040, 4340, 4355, 13060, 13070, 4370, 13080, 13090, 41255, 18220, 41280, 3910, 41290, 3920, 41300, 3930, 3940, 3950, 3960, 41340, 41350, 3980, 41360, 12690, 3990, 41370, 12700, 4000, 420, 41380, 12712, 4010, 430, 41390, 12720, 4020, 450, 12740, 4050, 12760, 480, 12770, 4070, 12780, 4080, 12790, 1530}"
62,"{37890, 16390, 18440, 17420, 37900, 16400, 531, 37910, 18455, 37400, 17440, 18465, 37410, 16416, 548, 37920, 37930, 37420, 16430, 29231, 18480, 29232, 17460, 37940, 37430, 570, 17470, 37950, 37440, 37960, 18505, 37450, 590, 17490, 37970, 37460, 36950, 600, 37980, 37470, 6240, 36960, 18530, 17510, 37990, 37480, 18540, 38000, 625, 37490, 18550, 17530, 37500, 16509, 16515, 38020, 37510, 16520, 18580, 18590, 9895, 9900, 9901, 7350, 9912, 7360, 9920, 7380, 7382, 26860, 26870, 26885, 17170, 17180, 7498, 7500, 17230, 18260, 29530, 18270, 7520, 7530, 17260, 26480, 18295, 26490, 10620, 17280, 10630, 18315, 26510, 18320, 10640, 17300, 10650, 10653, 17310, 10654, 10657, 10658, 420, 18340, 430, 18359, 450, 18370, 37841, 18391, 37850, 480, 18402, 37860, 37870, 37360, 500, 37880, 1530}"
309,"{10240, 38145, 900, 41989, 76420, 76810, 3600, 11025, 76820, 11033, 11035, 76700, 76830, 38560, 38180, 76710, 38567, 10280, 76840, 41900, 76590, 76720, 76595, 11065, 76730, 10305, 76610, 11075, 11085, 11087, 38610, 38230, 11095, 76630, 3036, 10210, 76770, 875, 10225, 76790, 38650}"
984,"{43712, 29249, 43714, 12770, 9605, 29254, 27370, 3600, 16440, 12378, 23390}"
15,"{13570, 515, 14340, 19470, 13585, 14230, 14360, 13721, 538, 13600, 420, 558, 431, 13620, 578, 14280, 13640, 1610, 14410, 19410, 468, 600, 13660, 605, 14300, 13540, 13541, 13670, 13542, 490, 619, 13550, 19440, 13560}"
17,"{18050, 515, 18060, 18040, 19470, 531, 18070, 17950, 17951, 17952, 548, 420, 17960, 430, 17970, 18100, 18740, 570, 17980, 13760, 450, 18120, 18760, 18890, 590, 18000, 19410, 18770, 18900, 600, 18010, 18780, 605, 480, 18020, 18790, 619, 18030, 19440, 18800, 18930, 500, 14200, 18041, 18810}"
18,"{515, 19590, 19210, 19470, 19600, 19090, 531, 19610, 548, 420, 19620, 19110, 19240, 430, 19630, 19120, 19250, 18740, 19320, 570, 19130, 19260, 13760, 450, 19140, 19270, 18120, 590, 19150, 19280, 19410, 600, 19160, 605, 19550, 35551, 480, 19170, 19300, 619, 19180, 19440, 19570, 35570, 500, 19190, 14200}"
40,"{515, 18440, 26641, 531, 26645, 14360, 548, 26665, 19510, 570, 16960, 26690, 19530, 590, 16980, 600, 26715, 19550, 28255, 16990, 40032, 40035, 28260, 40038, 40040, 28265, 26730, 619, 40044, 40042, 40046, 40049, 19570, 40050, 40052, 17010, 40054, 28280, 40056, 40058, 40060, 17024, 40065, 40068, 19590, 40070, 26760, 28300, 19600, 26770, 28310, 19610, 26780, 19620, 26800, 28350, 18120, 28370, 37078, 26840, 37081, 37083, 18145, 26850, 28390, 18150, 26860, 35570, 18165, 28410, 35580, 28415, 28416, 18696, 35600, 13585, 18706, 18720, 17696, 17698, 19240, 17710, 19250, 18740, 19260, 17730, 19270, 17740, 19280, 17755, 19300, 19320, 19340, 26510, 26520, 19360, 420, 430, 450, 26580, 26590, 480, 35297, 26600, 500, 35324}"
41,"{23170, 23180, 23820, 1040, 531, 35350, 76700, 35230, 23200, 23840, 548, 1710, 76720, 35250, 23220, 35380, 1209, 570, 76730, 23230, 1215, 23872, 450, 23750, 35270, 35400, 590, 23250, 23770, 35290, 35420, 35295, 480, 23785, 619, 35440, 500, 23800, 35324, 38653}"
257,"{81408, 81410, 81412, 70280, 905, 85260, 81420, 81422, 81424, 70290, 81426, 81428, 790, 85271, 85270, 70040, 1050, 1051, 81436, 81432, 81430, 81434, 85280, 81440, 70310, 81446, 81448, 810, 85290, 940, 81452, 81454, 81450, 81456, 81458, 820, 71348, 950, 85300, 81460, 70070, 81462, 71355, 71356, 81464, 85310, 71359, 70080, 81466, 81469, 81472, 840, 85320, 70090, 81400, 70220, 85330, 70100, 70230, 860, 85340, 70110, 70240, 74721, 85350, 70120, 70250, 74735, 74225, 70260, 760, 81404, 70270}"
268,"{640, 62337, 62339, 72324, 72326, 72328, 905, 81802, 660, 790, 1050, 1051, 71335, 71336, 810, 940, 71341, 820, 71348, 950, 71353, 71355, 71356, 700, 71359, 63811, 840, 81755, 81762, 72291, 72304, 72305, 72307, 760, 62329, 81791}"
252,"{74754, 74756, 74758, 74760, 905, 81418, 74130, 790, 74135, 1050, 1051, 74140, 74150, 810, 940, 85420, 74161, 820, 71348, 950, 85430, 71355, 71356, 71359, 74180, 840, 74190, 74202, 860, 74721, 74090, 74220, 74222, 74735, 74225, 74737, 74100, 760, 74105, 74110}"
311,"{905, 82700, 790, 1050, 1051, 70310, 82854, 810, 76970, 940, 78000, 78001, 76978, 78002, 820, 71348, 950, 78003, 71355, 71356, 82878, 71359, 840, 75992, 860, 75997, 76000, 76002, 76014, 760, 82687}"
255,"{81408, 81410, 81412, 70151, 74760, 74762, 81418, 81420, 74766, 81422, 74768, 81424, 81426, 70676, 70677, 74772, 70679, 81428, 81432, 1050, 1051, 70170, 81430, 81434, 70180, 70184, 70190, 29240, 73814, 73816, 25752, 25240, 74395, 74396, 74400, 70310, 74410, 71348, 74420, 71355, 71356, 74430, 71359, 74440, 74441, 74442, 74450, 74460, 29420, 760, 82700, 790, 74530, 74533, 810, 74540, 53550, 820, 74550, 74560, 840, 74570, 74071, 74072, 74073, 70490, 860, 74077, 74078, 74079, 74081, 70500, 70509, 70510, 905, 940, 85420, 74161, 950, 85430, 74180, 81400, 85450, 74190, 85460, 74202, 72155, 72156, 72161, 74721, 72163, 72164, 74731, 74220, 74734, 74222, 74225, 74737, 74230, 74232, 81404}"
304,"{75520, 74880, 75140, 75400, 905, 75530, 75020, 531, 75540, 75030, 75670, 75549, 74785, 548, 75430, 75050, 940, 75565, 1710, 75310, 70700, 433, 75570, 820, 75060, 950, 9271, 75190, 75320, 570, 75450, 75580, 75070, 75200, 75330, 75460, 75080, 75210, 75082, 75340, 590, 468, 9300, 75220, 75350, 860, 75100, 75230, 74850, 75110, 75240, 490, 75370, 75758, 880, 75120, 75380, 75510, 74870, 75000, 75005, 75390, 75007}"
355,"{9605, 905, 9610, 5771, 1040, 6800, 531, 5400, 5402, 5660, 6685, 5502, 548, 5417, 5419, 940, 5420, 1710, 433, 6650, 820, 950, 9271, 6710, 570, 5690, 75450, 5450, 590, 5710, 5330, 468, 9300, 6740, 860, 5470, 5350, 490, 5610, 5740, 6640, 75120, 6770, 5492, 9589, 5370, 5630}"
981,"{74450, 74463, 76820, 82718, 82687}"
303,"{12930, 12805, 75912, 12950, 800, 16160, 1570, 12840, 16680, 75307, 12980, 16180, 12860, 16700, 16200, 11085, 11087, 3151, 16720, 75730, 41940, 16220, 41950, 35295, 41955, 16740, 16103, 75756, 75758, 16112, 35324}"
12,"{13190, 1415, 13320, 1420, 13200, 13330, 1300, 13210, 13340, 13220, 13350, 1580, 13230, 13360, 1590, 13240, 13370, 12353, 12354, 12355, 13250, 13380, 13381, 13260, 12371, 3156, 12372, 12373, 13270, 13277, 1890, 13283, 13284, 13285, 13282, 13291, 13292, 13293, 13294, 13300, 1400, 13310}"
64,"{10240, 25090, 12805, 25100, 16409, 37410, 16419, 12840, 10280, 37940, 12860, 37440, 10305, 37960, 36960, 37990, 10860, 10870, 12930, 38020, 12950, 12980, 82120, 82130, 82140, 82150, 82160, 38670, 11025, 25880, 11033, 11035, 25890, 5417, 5419, 25900, 82230, 11065, 25920, 11075, 11085, 24910, 11087, 25940, 11095, 24920, 24930, 875, 24940, 24950, 25980, 24960, 900, 25990, 26000, 24980, 26010, 38810, 24990, 35230, 26020, 25000, 26030, 25010, 25020, 26050, 9670, 26060, 25040, 9680, 25050, 9690, 3036, 98780, 26080, 10210, 25070, 37360, 10225, 26100, 26110}"
63,"{10240, 12930, 900, 12805, 23300, 23690, 23310, 11025, 12950, 11033, 16409, 11035, 23710, 23330, 16419, 16423, 12840, 10280, 5417, 5419, 16425, 16427, 16424, 16428, 16426, 12980, 11065, 12860, 23100, 10305, 11075, 11085, 11087, 11095, 3036, 35295, 36960, 10210, 23650, 23270, 23273, 875, 23276, 10225, 23670, 23290, 35324}"
988,"{12420, 9610, 12310, 9630, 12322, 11300, 12712, 12340, 29249, 29254, 25798, 29256, 2890, 12378, 29278, 29280, 12770, 2920, 12270, 12400, 2930, 12280}"
672,"{68100, 73350, 73872, 68498, 73108, 73366, 73110, 71961, 71322, 71325, 71326, 73757, 68130, 71331, 68390, 73130, 74027, 67500, 68780, 68398, 73391, 68150, 67510, 66871, 68410, 73407, 68160, 67520, 73412, 68805, 68809, 68180, 67540, 68438, 73342, 67570, 68085, 73853, 68094}"
232,"{72580, 77063, 72456, 77065, 72458, 77067, 77066, 77064, 68496, 71825, 71954, 74516, 77080, 71835, 73757, 73758, 71839, 73637, 73638, 71335, 71336, 72488, 71850, 84005, 71341, 84013, 84014, 71864, 71353, 84025, 84026, 84028, 84029, 98750, 71870, 84031, 77114, 68803, 71876, 72520, 71880, 74444, 75982, 75983, 71890, 84024, 72540, 74461, 74463, 74464, 74465, 71910, 72550, 72552, 80496, 72560, 80498, 73848, 73849, 77053, 77055}"
32,"{26368, 26370, 2180, 26885, 18180, 75402, 75403, 75404, 75405, 26510, 18190, 26380, 75406, 26390, 18200, 9978, 26400, 18210, 18600, 26920, 26410, 18220, 18610, 18230, 18620, 26940, 26430, 18240, 2370, 18630, 18250, 29130, 18640, 26450, 26965, 14038, 13910, 14170, 18650, 26460, 18660, 26980, 26860, 29421, 18670, 26990, 2672, 26480, 29426, 25200, 26870, 25210, 27000, 26490, 26365}"
250,"{72200, 70664, 70666, 72230, 84013, 84014, 84015, 72250, 73814, 73816, 80496, 73840, 80498, 72307, 72309, 73845, 73847, 73852, 71830, 71850, 71864, 71870, 71876, 74437, 71880, 73418, 73420, 74446, 74447, 74448, 73425, 74450, 74451, 71890, 74453, 74455, 73945, 73951, 73952, 73953, 71910, 68354, 68355, 72452, 68871, 68873, 68875, 71961, 68890, 71970, 71971, 68900, 72488, 69420, 68910, 69430, 68920, 69440, 72520, 69465, 81755, 72540, 69475, 72550, 72552, 69485, 72560, 72580, 73095, 73100, 73106, 73112, 73637, 73638, 98750, 72180, 72190}"
234,"{72200, 69640, 69650, 70170, 69660, 70180, 72230, 69670, 72232, 70184, 70190, 82480, 69680, 70200, 72250, 69690, 70210, 70220, 73814, 73816, 74437, 72190, 74446, 74447, 74448, 74450, 74451, 74453, 74455, 69874, 69876, 69878, 69882, 69884, 68354, 68355, 69890, 68871, 68873, 68875, 69900, 68890, 69920, 68900, 69928, 69420, 68910, 69940, 69430, 68920, 69950, 69440, 69960, 69970, 69465, 70490, 69980, 69475, 70500, 69990, 69485, 70510, 70001, 70002, 70010, 69530, 69540, 69550, 69553, 69557, 69560, 69570, 69580, 69590, 69600, 69610, 72180, 69620, 69630}"
235,"{68354, 68355, 68871, 72200, 68873, 70666, 68875, 70664, 74250, 68890, 74268, 74270, 68900, 72230, 72232, 69420, 74322, 68910, 69430, 74731, 68920, 72250, 69440, 74437, 74446, 74447, 74448, 74321, 74450, 74451, 74324, 74453, 73814, 74455, 73816, 69465, 74328, 74327, 74326, 74710, 74711, 74714, 74720, 73953, 74721, 69475, 74342, 74344, 74346, 74347, 74348, 69485, 74733, 74730, 73840, 74352, 74354, 74225, 72180, 74735, 74232, 74234, 72190}"
895,"{73089, 71170, 73092, 71430, 71180, 71190, 71328, 71210, 71470, 68403, 68404, 68405, 68407, 71480, 71230, 71490, 71240, 71250, 71510, 71260, 71520, 73059, 71140, 71150, 73077, 73079, 71160, 71420}"
31,"{26368, 26370, 18180, 26885, 31240, 75402, 75403, 75404, 75405, 40078, 26510, 18190, 40077, 31250, 40075, 26380, 75406, 75414, 26390, 18200, 75410, 20890, 18170, 9978, 26400, 18210, 18600, 26920, 26410, 18220, 18610, 18230, 24250, 18620, 26940, 20670, 26430, 18240, 31430, 18630, 20680, 18250, 29130, 13775, 31440, 18640, 26450, 26965, 31450, 18650, 26460, 20700, 31460, 18660, 26980, 26860, 29421, 18670, 26990, 26480, 25200, 29426, 14195, 31350, 26870, 27000, 25210, 26490, 26365, 31230}"
555,"{71348, 35322, 71355, 71356, 35293, 71359}"
277,"{29440, 75402, 75403, 75404, 75405, 75406, 74250, 85260, 85270, 85271, 25752, 25243, 74268, 74270, 85280, 70180, 10917, 70184, 85290, 70190, 71348, 85300, 29240, 70200, 71355, 71356, 85310, 29247, 71359, 70210, 72134, 85320, 74321, 74322, 85330, 74324, 74326, 74327, 11352, 74328, 74710, 74711, 74714, 29405, 85340, 74720, 74721, 74342, 85350, 74344, 74346, 74347, 29420, 74348, 74733, 74735, 74352, 74225, 74354, 74731, 72312, 72314}"
982,"{81755, 25765, 71334, 25798, 71336, 35270, 71348, 71355, 71356, 71359}"
986,"{25798, 35270, 74450, 71348, 25752, 70681, 72314, 71355, 71356, 71359}"
542,"{29440, 72456, 72458, 68496, 25752, 71960, 25243, 73757, 73758, 10912, 10917, 71335, 71336, 71341, 71348, 29240, 71353, 71355, 71356, 29247, 71359, 11352, 29405, 36960, 29420, 9586, 73848}"
243,"{76298, 76302, 73872, 74001, 68498, 71954, 74003, 76305, 74008, 71961, 74012, 74016, 74017, 74019, 74027, 68398, 74044, 82878, 63812, 68805, 63814, 74232, 74234, 82687}"
244,"{74754, 74756, 74758, 70151, 74760, 69640, 69650, 69660, 69670, 82480, 69680, 70200, 69690, 70210, 70220, 73342, 73350, 73352, 73366, 73368, 71325, 71327, 73380, 73391, 73407, 73412, 69874, 69876, 69878, 69882, 69884, 69890, 69900, 74001, 74002, 74003, 74004, 74008, 74012, 74016, 74017, 69920, 74019, 69928, 68398, 69940, 74044, 69950, 63812, 63814, 69960, 69970, 74071, 74072, 74073, 74074, 69980, 74077, 74078, 74079, 74081, 69990, 70509, 70001, 70002, 74102, 74103, 74104, 70010, 68498, 73108, 73110, 69540, 73130, 85420, 69550, 69553, 85430, 69560, 73152, 69570, 85450, 69580, 85460, 69590, 69600, 74721, 74722, 74723, 74220, 74222, 74737, 69620, 69630}"
225,"{69640, 74250, 69650, 69660, 69670, 82480, 69680, 69690, 70220, 80501, 80506, 81532, 80509, 73342, 80512, 81538, 80514, 80515, 73350, 81542, 73352, 81544, 80519, 80518, 81548, 81550, 81552, 81554, 73366, 73368, 71325, 71327, 81568, 73380, 81572, 81576, 81578, 81580, 72371, 72380, 73407, 72400, 72410, 69874, 69876, 69878, 69882, 69884, 69890, 85260, 69900, 85270, 85271, 69920, 69928, 85290, 85300, 69940, 85310, 69950, 69960, 72015, 85330, 69970, 85340, 69980, 72030, 85350, 69990, 72040, 72050, 70002, 70010, 69530, 69540, 73130, 69550, 69553, 69557, 69560, 73152, 69570, 69580, 69590, 74720, 74721, 69600, 74730, 74731, 69610, 74733, 74734, 74735, 74225, 69620, 74232, 74233, 74234, 69630}"
71,"{37760, 37890, 38020, 38022, 37510, 38024, 37640, 37770, 37900, 37520, 37780, 37910, 25240, 37400, 36890, 37530, 35741, 37790, 37920, 37410, 37540, 37800, 37930, 37420, 36910, 37550, 37680, 37810, 37940, 9142, 37430, 29240, 37560, 35770, 29242, 37820, 37950, 37695, 37440, 37570, 37830, 37960, 37450, 35790, 37710, 37840, 37970, 37460, 9561, 37850, 37980, 29405, 37470, 37600, 37730, 37860, 37350, 37990, 37352, 37353, 37480, 37610, 29420, 9581, 9582, 37870, 37360, 38000, 37490, 37740, 37620, 37750, 37880, 37500}"
73,"{39170, 38022, 38024, 38410, 39050, 38930, 39190, 25240, 39320, 36890, 35741, 38430, 39070, 38950, 39080, 39210, 36910, 9142, 82230, 29240, 38840, 35770, 29242, 38330, 39100, 38970, 39230, 39240, 35790, 38350, 39120, 38990, 38870, 9561, 39260, 29405, 98780, 38370, 39010, 39140, 37350, 39270, 37352, 37353, 38890, 29420, 9581, 9582, 38390, 39030, 39160, 39290, 38910}"
44,"{29440, 29700, 29580, 29453, 29455, 29200, 75407, 25240, 29720, 29213, 17310, 10911, 10912, 29470, 29600, 29217, 29215, 10917, 29222, 29223, 29480, 29865, 29225, 29227, 18090, 18085, 29231, 29232, 29234, 29236, 29620, 18100, 18740, 29240, 29242, 29243, 29500, 29630, 29219, 29220, 29640, 18120, 18760, 29650, 11352, 29530, 29660, 29405, 18785, 29540, 29420, 29680, 29557}"
45,"{5470, 16515, 5380, 38022, 16390, 38024, 16520, 35720, 5370, 19210, 16400, 35600, 25240, 5400, 36890, 37020, 16416, 5420, 36910, 17070, 35630, 37040, 9142, 98360, 29240, 35770, 29242, 16440, 17080, 37080, 5440, 37060, 35530, 5450, 35660, 35790, 16465, 5330, 37074, 35540, 36950, 35670, 41430, 9561, 37078, 37083, 37081, 29405, 35550, 35551, 36960, 36961, 35680, 37089, 37088, 37087, 37350, 5350, 37352, 37353, 35690, 17640, 29420, 9581, 9582, 41450, 17650, 35570, 23540, 37086, 36990, 35580, 35710}"
373,"{39170, 75906, 38022, 75910, 38024, 75912, 38410, 39050, 38930, 39190, 25240, 39320, 82200, 81304, 75932, 35741, 38430, 39070, 81309, 38950, 39080, 16680, 39210, 75307, 38830, 75700, 9142, 29240, 38840, 29242, 38330, 39100, 38970, 39230, 16700, 75902, 39240, 16200, 38350, 38990, 39120, 77560, 75730, 77780, 75732, 38870, 75734, 9561, 39260, 29405, 81246, 16220, 38370, 39010, 39140, 81252, 37350, 16102, 37352, 37353, 29420, 9581, 9582, 75756, 82160, 38390, 39030, 39160, 39290, 75901, 38910}"
65,"{24960, 25090, 25860, 9605, 25990, 9610, 25100, 10510, 38670, 26000, 10513, 10515, 24980, 10005, 25110, 25880, 10010, 26010, 38810, 10525, 24990, 35230, 25890, 10020, 25765, 10917, 26020, 25000, 25130, 25900, 26030, 25010, 82230, 29240, 29242, 25020, 25790, 25920, 26050, 9670, 82120, 26060, 24910, 25040, 9680, 82130, 25940, 24920, 25050, 9690, 98780, 82140, 29920, 26080, 24930, 82150, 29930, 24940, 10860, 25070, 25840, 26100, 24950, 10870, 9978, 25980, 26110}"
78,"{29091, 25765, 10917, 29925, 75402, 75403, 75404, 75405, 75406, 29100, 25200, 29105, 25210, 29240, 29242, 29915, 29085, 25790}"
67,"{9605, 23560, 82185, 75402, 75403, 75404, 75405, 75406, 82187, 82195, 82197, 82198, 23580, 82205, 9630, 82207, 82216, 23600, 35322, 82227, 16440, 23610, 82235, 82237, 23230, 23750, 82247, 29130, 23370, 23500, 16460, 23250, 81364, 23510, 35290, 82167, 23770, 23390, 35295, 16480, 23520, 82145, 23530, 82155, 25200, 23540, 9589, 25210, 82165, 9978, 23420, 82175}"
75,"{9730, 35332, 35333, 35334, 10760, 35336, 35338, 9750, 10780, 9770, 10800, 9790, 10820, 9800, 10830, 10840, 9820, 9830, 10860, 25200, 9840, 10870, 9850, 25210, 9860, 75402, 75403, 75404, 75405, 75406, 75410, 75414, 75415, 9895, 9900, 9912, 25790, 23230, 9920, 23750, 9930, 23250, 23770, 38620, 9950, 29920, 29930, 9970, 9972, 9974, 9976, 38650, 9978, 26368, 38145, 38160, 82198, 10561, 10562, 10564, 10566, 10568, 10570, 10580, 10600, 10620, 10630, 10640, 10650, 76710, 10680, 9670, 29130, 10700, 9680, 81364, 10710, 81367, 35290, 9690, 35295, 10720, 10730, 9710, 9720, 35322, 10750}"
372,"{38145, 76298, 76420, 76222, 75402, 75403, 75404, 75405, 75406, 76810, 38160, 76302, 75410, 76300, 76820, 76308, 75414, 75415, 38550, 76310, 76305, 76306, 76700, 76830, 38180, 76301, 76710, 76840, 38570, 76330, 76590, 76720, 76595, 38200, 76730, 38590, 25791, 25792, 25793, 25794, 25795, 76610, 25797, 25798, 79295, 76224, 76226, 38220, 76620, 23890, 38610, 76925, 76630, 23895, 38620, 38240, 23905, 76770, 23910, 23915, 23920, 38260, 23925, 76790, 38650, 38653}"
995,"{37780, 37530, 23330, 37800, 29100, 37570, 37830, 25798, 10568, 9930, 10580, 37850, 9950, 35295, 25200, 9972, 37750, 23670, 35324}"
238,"{72200, 74250, 76299, 76301, 76305, 76309, 70681, 76315, 72230, 72232, 72250, 70220, 73812, 70230, 73818, 70240, 72290, 72294, 70250, 70260, 80501, 72312, 80506, 72314, 81532, 80509, 70270, 81534, 81536, 80512, 81538, 80514, 81540, 80515, 81542, 80519, 81544, 80518, 81546, 70280, 81548, 81550, 81552, 70290, 81554, 81564, 81566, 81568, 81570, 81572, 81574, 70310, 81576, 70313, 81578, 70314, 81580, 70312, 70318, 78000, 78001, 78002, 78003, 75992, 75997, 76000, 76002, 76009, 76021, 76023, 76030, 85260, 76045, 85270, 85271, 76058, 76060, 85280, 85290, 85300, 85310, 85320, 85330, 85340, 85350, 70040, 99747, 99756, 99760, 70070, 76216, 76218, 76220, 70080, 76224, 76226, 72134, 70090, 72140, 70100, 74714, 70110, 74720, 74721, 70120, 74730, 74731, 74733, 74735, 74225, 72180, 74232, 74233, 74234, 72190}"
248,"{72452, 72580, 73095, 70664, 70666, 73100, 73106, 71830, 73112, 71961, 74392, 71970, 71971, 73637, 73638, 72488, 71850, 84013, 84014, 84015, 53550, 71864, 98750, 71870, 71876, 72520, 71880, 73418, 73420, 73425, 71890, 73812, 73945, 81755, 72540, 73951, 73952, 73953, 71910, 72550, 72552, 80496, 73840, 80498, 72307, 72560, 72309, 73845, 73847, 73852}"
230,"{76299, 76301, 76305, 76309, 76310, 74392, 70170, 74650, 70180, 70184, 53550, 70190, 82480, 70200, 76216, 76218, 76220, 76224, 70210, 76226, 70220, 74318, 73812, 73814, 70490, 76009, 70510, 76925}"
231,"{74630, 70280, 70290, 74392, 70040, 70170, 74650, 99747, 70180, 70310, 70184, 70313, 70312, 99756, 75949, 53550, 70190, 70318, 99760, 78000, 78001, 78002, 78003, 70070, 70200, 70080, 70210, 70090, 70220, 74318, 73812, 70100, 73814, 70230, 75992, 75993, 70490, 70110, 70240, 70008, 70120, 70250, 76010, 70510, 70003, 70004, 70005, 70006, 70007, 81400, 70270}"
236,"{74754, 74756, 74758, 74760, 74250, 70170, 74778, 74268, 81436, 74270, 81434, 81440, 84003, 81446, 81448, 81450, 81452, 81454, 81456, 81458, 81460, 81462, 81464, 81466, 81469, 81472, 74318, 73812, 73818, 70310, 70312, 70313, 70314, 75949, 70318, 78000, 78001, 78002, 78003, 75992, 75993, 74232, 76010, 82700, 70490, 70500, 74090, 70510, 70003, 74100, 70004, 70006, 70007, 70008, 74105, 70005, 74110, 74630, 74640, 74130, 74135, 74650, 74140, 99747, 74150, 99756, 99760, 74710, 74711, 74714, 74720, 74722, 74723, 74220, 74733, 74737, 81400, 74234}"
239,"{81408, 81410, 81412, 70664, 74760, 70666, 74250, 74762, 81418, 74766, 81420, 74768, 81422, 81424, 82700, 74772, 81426, 81428, 81430, 81432, 76305, 81434, 76315, 74268, 76060, 74270, 99747, 76301, 70312, 70313, 70314, 99756, 70318, 99760, 74161, 76216, 76218, 76309, 76220, 76224, 76226, 74180, 74190, 74575, 74321, 74322, 74324, 74326, 74327, 74328, 74710, 73818, 74711, 74202, 74720, 73953, 74342, 74344, 74346, 74347, 74348, 74733, 74730, 74220, 73840, 74352, 74354, 74737, 76021, 76023, 74232, 74234, 81404, 76045, 76030}"
893,"{70500, 74630, 74318, 74640, 74232, 74650, 70490}"
345,"{17024, 16900, 75140, 17800, 43020, 16914, 43030, 16920, 17820, 6940, 17696, 17698, 5502, 17830, 43130, 75430, 43050, 16940, 17710, 17840, 75450, 16960, 17730, 75460, 43080, 17740, 43090, 16980, 16860, 35293, 16990, 43100, 17760, 16870, 75110, 16880, 75120, 17010, 17780, 5493, 16890, 35326}"
346,"{17024, 16640, 16770, 16900, 16260, 89990, 17800, 16650, 16270, 16660, 16920, 16280, 17820, 16670, 17696, 16800, 17698, 16290, 16160, 17830, 16680, 16810, 16170, 16940, 16300, 17710, 17840, 16690, 16180, 16310, 16700, 16830, 16190, 16960, 17730, 17860, 16580, 16710, 16840, 16200, 16330, 17740, 17870, 16590, 16720, 16850, 16210, 16980, 16340, 17880, 16730, 16860, 35293, 16990, 16250, 17760, 16220, 17890, 16610, 16740, 16870, 16230, 16104, 17900, 16620, 16750, 16880, 16240, 17010, 17780, 16630, 16890, 35326}"
347,"{77440, 77570, 82180, 38920, 77450, 77580, 39310, 38930, 77970, 81300, 77460, 82198, 81302, 39320, 82200, 81304, 81305, 81309, 77470, 77734, 77737, 77738, 75307, 82220, 38830, 77950, 38962, 38840, 81980, 39230, 23230, 38850, 77890, 23750, 35326, 39240, 81990, 77900, 23250, 81364, 77780, 38870, 77910, 81368, 77400, 23770, 82010, 23260, 35293, 39260, 77790, 81248, 81246, 77920, 77410, 81252, 39270, 81254, 81256, 23273, 38890, 82170, 23276, 77800, 77930, 77418, 82160, 77810, 77939, 38900, 77940, 77560, 39290, 38910}"
348,"{75904, 74880, 75906, 75909, 38920, 39310, 38930, 82198, 75670, 39320, 77720, 75549, 74785, 39332, 77860, 39334, 77734, 39336, 77737, 77738, 81322, 39340, 81321, 38830, 81326, 75565, 70700, 38962, 77490, 75570, 38840, 77880, 77882, 75902, 77500, 75580, 39230, 23230, 77630, 75585, 38850, 23750, 35326, 39240, 77510, 81230, 77520, 81232, 23250, 77650, 81364, 81236, 38870, 75732, 81368, 81234, 23770, 75734, 23260, 35293, 39260, 75736, 74850, 39270, 23273, 38890, 23276, 38900, 74870, 81399, 75000, 39290, 75005, 38910, 75007}"
237,"{76000, 76002, 82854, 76970, 82700, 76014, 78000, 78001, 76978, 78002, 75992, 75997, 82878, 82687}"
330,"{75790, 77711, 77713, 77714, 77715, 77717, 77590, 77720, 76700, 6940, 77600, 75555, 77609, 77610, 77611, 77740, 75566, 77615, 77617, 77619, 77620, 77750, 76730, 96059, 77630, 82110, 77760, 75840, 9670, 82120, 77770, 9680, 82130, 77784, 77785, 97137, 5493, 38653, 5502}"
331,"{75520, 16770, 76420, 75141, 75142, 75143, 75144, 75145, 75530, 89990, 75020, 77197, 16140, 77199, 82320, 75540, 82324, 75030, 82326, 82327, 82328, 82330, 82332, 75549, 76830, 82334, 82335, 76840, 75050, 82310, 70702, 70704, 70706, 85810, 75060, 70708, 70710, 70712, 82105, 82106, 82107, 70714, 70716, 70718, 75460, 76490, 74954, 74956, 77390, 77391, 74960, 77392, 82770, 82772, 82775, 82776, 82777, 82778, 74970, 74980, 75110, 82280, 5486, 5487, 74990, 5489, 16112, 5493, 75510, 82300, 5502, 75007}"
